{"cameraMode":{"drawMode":0,"name":"Shaded","section":"Shading Mode"},"sceneLighting":true,"audioPlay":false,"sceneViewState":{"showFog":true,"showMaterialUpdate":false,"showSkybox":true,"showFlares":true,"showImageEffects":true,"showParticleSystems":true},"in2DMode":false,"pivot":{"x":2.38476824760437,"y":1.3184200525283814,"z":3.785897731781006},"rotation":{"x":0.0697852373123169,"y":-0.9248641729354858,"z":0.31092074513435366,"w":0.20758648216724397},"size":0.5918511152267456,"orthographic":false}